{
  "qe_results_csv": "results\\qe_validation_results_v2.csv",
  "n_validated": 11,
  "n_finite_truth": 1,
  "truth_threshold_eV": 0.05,
  "ks_evaluated": [
    1,
    3,
    5,
    10,
    15,
    20
  ],
  "base_rates": {
    "overall_validated_set": 0.09090909090909091,
    "finite_gap_consensus": 0.25,
    "strong_disagreement": 0.0
  },
  "regression_metrics": {
    "Stage 1 (XGBoost)": {
      "n": 2,
      "mae": 2.9223225,
      "rmse": 3.888199651864531,
      "spearman": NaN
    },
    "Stage 2 (XGBoost re-eval)": {
      "n": 2,
      "mae": 2.9223224761962894,
      "rmse": 3.88819962693234,
      "spearman": NaN
    },
    "Stage 2 (GNN)": {
      "n": 2,
      "mae": 1.8510746601104737,
      "rmse": 2.07347599594553,
      "spearman": NaN
    }
  },
  "precision_at_k": {
    "Stage 1 (XGBoost)": {
      "1": 1.0,
      "3": 0.3333333333333333,
      "5": 0.2,
      "10": 0.1,
      "15": 0.1,
      "20": 0.1
    },
    "Stage 2 (XGBoost re-eval)": {
      "1": 1.0,
      "3": 0.3333333333333333,
      "5": 0.2,
      "10": 0.1,
      "15": 0.1,
      "20": 0.1
    },
    "Stage 2 (GNN)": {
      "1": 0.0,
      "3": 0.0,
      "5": 0.2,
      "10": 0.1,
      "15": 0.1,
      "20": 0.1
    },
    "Baseline: random": {
      "1": 0.0,
      "3": 0.0,
      "5": 0.0,
      "10": 0.1,
      "15": 0.09090909090909091,
      "20": 0.09090909090909091
    },
    "Baseline: max \u0394EN": {
      "1": 0.0,
      "3": 0.0,
      "5": 0.0,
      "10": 0.1,
      "15": 0.09090909090909091,
      "20": 0.09090909090909091
    },
    "Baseline: n_elements": {
      "1": 0.0,
      "3": 0.0,
      "5": 0.0,
      "10": 0.1,
      "15": 0.09090909090909091,
      "20": 0.09090909090909091
    }
  },
  "disagreement_summary": {
    "n": 2,
    "gnn_wins": 2,
    "xgb_wins": 0,
    "ties": 0
  }
}